{"bboxes": [[217.55108642578125, 180.2958221435547, 456.76226806640625, 382.6614685058594]], "labels": [13], "scores": [0.9957669973373413], "masks": [{"size": [427, 640], "counts": "l_n2>_11_96dEf0V:Y1N2O0O10O010O001O00100O1N2N1K6A?I7K5M3N20O0100O0100O010O1O2M4L4L8H9H9G5K3M2N2N2M2M3N2O2N1O10mNWFcNi9[1aF[Na9e1R11N101O010O1O1O1O1O1N200O1O100O100O1O1O1O1O100O100O2N1O1O1O100O100O2O0O10000O101N1O1O2O0O1O2O000O10001O0O10000O100O100O101N100O10000000000000000000001N1000000000001O000000001O0000001O00001O00001O000001O00000001O0000000001O00001O001O001O10O0001O0010O0010O02O1gGlLX6U3QIcMm6^2fHoMX7S400OO2O1N1O2N101N2N2N2N2N2K5H8A`0G8J6M201001O100O2N3M3M1N3N10O1O2O0N10000O1N2N3M3oMZGXOj8=iGWOZ8b0QHWOR8b0XHWOl7d0]HQOi7k0`2Hol\\2"}]}